"parameter_set_id","description","strategy","mean_estimated_rate","mean_monitored_sets","mean_true_rate","mean_true_catch","mean_estimated_catch","mean_catch_real","lower_ci_catch_real","upper_ci_catch_real","mean_catch_estimated","lower_ci_catch_estimated","upper_ci_catch_estimated","mean_catch_missed","lower_ci_catch_missed","upper_ci_catch_missed","mean_bias","mean_bias_percent","lower_ci_mean_bias","upper_ci_mean_bias","lower_ci_mean_bias_percent","upper_ci_mean_bias_percent","monitoring_param_set","p_monitor","bias_v","bias_factor","p_sets_select","spp_param_set","species","V","mu_trips","theta_trips","mu_sets","theta_sets","beta_0","sigma_x","sigma_z","theta"
1,"Baseline","sets",7.46153260169851,2618.08,7.45472894594151,97553.337,97645.8664132246,97553.337,69461.575,134113.6,97645.8664132246,67822.1026320428,134971.641449398,-92.5294132245838,-8144.6990665392,7274.26183479523,0.00680365575699791,0.0861809651948686,-0.548500420795607,0.64799963184714,-7.64131790004259,8.65210881436654,1,1,0,0,0.2,1,"Market species",50,10,1.13,26,1.8,1.7,0.41,0.67,0.42
1,"Baseline","trips",7.44942352247879,2616.771,7.45472894594151,97553.337,97502.23990893,97553.337,69461.575,134113.6,97502.23990893,67567.4399051221,133319.975833393,51.0970910699775,-7890.46760007928,7035.1810023678,-0.0053054234627171,-0.0728289395413893,-0.54712968793548,0.622328279538906,-7.32540283659323,8.20619966202335,1,1,0,0,0.2,1,"Market species",50,10,1.13,26,1.8,1.7,0.41,0.67,0.42
1,"Baseline","vessels",7.4468936748521,2618.23,7.45472894594151,97553.337,97469.674944218,97553.337,69461.575,134113.6,97469.674944218,67855.3069115515,135912.661201938,83.6620557820298,-7013.7446264601,7198.19004224076,-0.00783527108940746,-0.095172803817569,-0.567967291416332,0.580547882616021,-7.50535525263897,7.65913513832713,1,1,0,0,0.2,1,"Market species",50,10,1.13,26,1.8,1.7,0.41,0.67,0.42
2,"Vessel bias","sets",7.40886173253176,2631.886,7.41118370131541,97533.257,97510.882374927,97533.257,68248.25,131852.5,97510.882374927,67426.8378866313,133929.818093319,22.3746250729533,-8259.54222358042,7461.62281996291,-0.00232196878364837,-0.0536452143915919,-0.583095327016651,0.647214573338697,-8.00042456349989,8.56509249741452,2,1,-2,0,0.2,1,"Market species",50,10,1.13,26,1.8,1.7,0.41,0.67,0.42
2,"Vessel bias","trips",7.41375872619348,2629.443,7.41118370131541,97533.257,97597.923625023,97533.257,68248.25,131852.5,97597.923625023,67407.1811882935,132687.363370304,-64.6666250229708,-6947.45577990277,6391.1377136923,0.0025750248780741,0.0414410766831118,-0.508778627392135,0.539441561174756,-6.85981631239664,7.32914208234168,2,1,-2,0,0.2,1,"Market species",50,10,1.13,26,1.8,1.7,0.41,0.67,0.42
2,"Vessel bias","vessels",7.41676302126494,2631.051,7.41118370131541,97533.257,97625.2554532375,97533.257,68248.25,131852.5,97625.2554532375,67618.1536243787,134347.741208435,-91.9984532374799,-7687.51763785395,6941.09196064633,0.00557931994953309,0.0731214570496709,-0.554452762467071,0.560400875505419,-7.413706445553,7.31171206749424,2,1,-2,0,0.2,1,"Market species",50,10,1.13,26,1.8,1.7,0.41,0.67,0.42
3,"Trip bias","sets",7.41964036123284,2612.579,7.43227695126646,97152.556,96974.7681373961,97152.556,66239.025,131305.45,96974.7681373961,65670.8480563817,131501.082077788,177.787862603905,-7170.59049215163,7375.62366262903,-0.0126365900336214,-0.167342577232607,-0.593021918393947,0.553906547901846,-7.65461961051635,7.20406661021419,3,1,0,-2,0.2,1,"Market species",50,10,1.13,26,1.8,1.7,0.41,0.67,0.42
3,"Trip bias","trips",7.44740244955078,2612.196,7.43227695126646,97152.556,97347.0252750185,97152.556,66239.025,131305.45,97347.0252750185,66403.1754590296,133031.287604354,-194.469275018551,-7546.43034758447,6221.58320587656,0.0151254982843195,0.199950517353721,-0.491683973926166,0.565291903755368,-7.08926240088915,7.53295442102536,3,1,0,-2,0.2,1,"Market species",50,10,1.13,26,1.8,1.7,0.41,0.67,0.42
3,"Trip bias","vessels",7.44321324559995,2613.988,7.43227695126646,97152.556,97301.4900595742,97152.556,66239.025,131305.45,97301.4900595742,65944.7563241535,132679.551996026,-148.934059574195,-7936.93802118527,6812.92976254687,0.0109362943334867,0.154647685023481,-0.520889588647063,0.619064334612054,-7.23098243209888,8.56874541963987,3,1,0,-2,0.2,1,"Market species",50,10,1.13,26,1.8,1.7,0.41,0.67,0.42
4,"Baseline 20%","sets",7.40892331431586,525.978,7.45390363439185,98133.12,97558.8892101237,98133.12,68418.5,133821.975,97558.8892101237,64954.3952777145,139900.236211254,574.230789876332,-20107.2894082126,18405.589894636,-0.0449803200759867,-0.627455093090509,-1.41113225744598,1.59500094914137,-18.7095477593667,21.485552654305,4,0.2,0,0,0.2,1,"Market species",50,10,1.13,26,1.8,1.7,0.41,0.67,0.42
4,"Baseline 20%","trips",7.40196642260451,523.673,7.45390363439185,98133.12,97433.3012298231,98133.12,68418.5,133821.975,97433.3012298231,61784.7683208454,143995.409511077,699.818770176926,-26451.7834358169,24342.0834872084,-0.0519372117873348,-0.688261637553878,-1.88043246605099,2.09650414483039,-24.8671191257219,28.2025904886972,4,0.2,0,0,0.2,1,"Market species",50,10,1.13,26,1.8,1.7,0.41,0.67,0.42
4,"Baseline 20%","vessels",7.42900570371598,525.366,7.45390363439185,98133.12,97742.719625211,98133.12,68418.5,133821.975,97742.719625211,53779.219434968,160304.309418299,390.400374788987,-49444.0811764708,38824.7366773514,-0.0248979306758668,-0.264851693932275,-2.90074080890292,3.66805786511314,-36.7803111563335,48.4790548463148,4,0.2,0,0,0.2,1,"Market species",50,10,1.13,26,1.8,1.7,0.41,0.67,0.42
5,"Vessel bias 20%","sets",7.46906141217154,522.68,7.46486474499724,97476.958,97570.0175870567,97476.958,67533.7,132192.375,97570.0175870567,64052.6041813033,141060.293734708,-93.059587056727,-21000.2149557476,17406.5128177819,0.00419666717430326,0.0720267701811277,-1.36358244434777,1.59494102741211,-17.867045170646,20.6914633729338,5,0.2,-2,0,0.2,1,"Market species",50,10,1.13,26,1.8,1.7,0.41,0.67,0.42
5,"Vessel bias 20%","trips",7.50374604387521,521.313,7.46486474499724,97476.958,98014.7710497313,97476.958,67533.7,132192.375,98014.7710497313,59688.8721065229,144529.601221374,-537.813049731282,-34058.8884960156,24007.8302652216,0.0388812988779661,0.459841481189115,-1.81419680332733,2.58931285431692,-23.5638593324856,35.5816559927267,5,0.2,-2,0,0.2,1,"Market species",50,10,1.13,26,1.8,1.7,0.41,0.67,0.42
5,"Vessel bias 20%","vessels",5.88519982578523,598.022,7.46486474499724,97476.958,76823.179548439,97476.958,67533.7,132192.375,76823.179548439,45253.11405414,122163.328993371,20653.778451561,-15313.7488927739,53287.3841445099,-1.57966491921201,-20.9906362132441,-4.0072187676212,1.188372802038,-48.1880314475009,15.8422535459956,5,0.2,-2,0,0.2,1,"Market species",50,10,1.13,26,1.8,1.7,0.41,0.67,0.42
6,"Trip bias 20%","sets",7.45367120533445,525.004,7.42532715413086,97432.159,97847.5215645541,97432.159,67517.25,135079.8,97847.5215645541,64902.6569935152,143981.383330366,-415.362564554091,-21124.8522776572,16983.8706169876,0.02834405120359,0.337106758717886,-1.27691385816551,1.63564755089364,-17.2857467615388,21.663150864167,6,0.2,0,-2,0.2,1,"Market species",50,10,1.13,26,1.8,1.7,0.41,0.67,0.42
6,"Trip bias 20%","trips",4.22944034543559,684.165,7.42532715413086,97432.159,55479.6534711427,97432.159,67517.25,135079.8,55479.6534711427,36523.1111986037,79923.9792769677,41952.5055288573,22549.5756939127,64334.4584778628,-3.19588680869528,-42.8953060363725,-4.64008388214404,-1.91908198649548,-55.5912304313298,-27.6650845048682,6,0.2,0,-2,0.2,1,"Market species",50,10,1.13,26,1.8,1.7,0.41,0.67,0.42
6,"Trip bias 20%","vessels",7.52082242142613,530.134,7.42532715413086,97432.159,98702.0709111539,97432.159,67517.25,135079.8,98702.0709111539,52921.3882438441,166313.775567526,-1269.9119111539,-50928.514002535,36636.6654471545,0.0954952672952653,1.242984058489,-2.84647523429574,4.10801267634818,-36.3701757337392,53.602573008773,6,0.2,0,-2,0.2,1,"Market species",50,10,1.13,26,1.8,1.7,0.41,0.67,0.42
7,"Baseline 75%","sets",7.44869785209162,1943.723,7.45466542163262,96689.198,96585.8275352479,96689.198,66926.45,134455.425,96585.8275352479,66774.5287323956,136325.099549951,103.370464752059,-9282.30201739596,9739.42525028871,-0.00596756954099718,-0.0752213875342757,-0.7453577868196,0.730850219543004,-9.68323570270531,9.71595294496543,7,0.2,0,0,0.75,1,"Market species",50,10,1.13,26,1.8,1.7,0.41,0.67,0.42
7,"Baseline 75%","trips",7.49743708382274,1941.774,7.45466542163262,96689.198,97303.3757805837,96689.198,66926.45,134455.425,97303.3757805837,64217.7122655194,144874.202580749,-614.1777805837,-24053.4179099602,18522.4117865087,0.0427716621901218,0.530384581688604,-1.46299933853731,1.82270904227521,-19.0510560644057,23.6946204439991,7,0.2,0,0,0.75,1,"Market species",50,10,1.13,26,1.8,1.7,0.41,0.67,0.42
7,"Baseline 75%","vessels",7.49519309978829,1933.863,7.45466542163262,96689.198,97077.7309407368,96689.198,66926.45,134455.425,97077.7309407368,57391.8149279364,158567.976938582,-369.420630426535,-46130.9860429797,36889.7627311018,0.0397725425479152,0.662911882318045,-2.69984966932635,3.60492017055642,-34.7759335941038,48.9812680315911,7,0.2,0,0,0.75,1,"Market species",50,10,1.13,26,1.8,1.7,0.41,0.67,0.42
8,"Vessel bias 75%","sets",7.44588984127771,1963.554,7.43604975059,97435.006,97577.5124995661,97435.006,68128.4250000001,134361.75,97577.5124995661,66892.954490548,135023.60775948,-142.506499566073,-9553.70722451953,8892.23699241845,0.00984009068771518,0.127214520465755,-0.664206774239457,0.721738913122615,-8.89956642735722,9.42620659622317,8,0.2,-2,0,0.75,1,"Market species",50,10,1.13,26,1.8,1.7,0.41,0.67,0.42
8,"Vessel bias 75%","trips",7.45533657839239,1963.846,7.43604975059,97435.006,97698.5476950707,97435.006,68128.4250000001,134361.75,97698.5476950707,63176.097638976,144668.081633481,-263.54169507074,-24404.7195707415,19556.3235148239,0.0192868278023957,0.257439493669065,-1.51609884722929,1.92485197201506,-19.3415136680424,25.5360027499603,8,0.2,-2,0,0.75,1,"Market species",50,10,1.13,26,1.8,1.7,0.41,0.67,0.42
8,"Vessel bias 75%","vessels",5.83039469090975,2264.883,7.43604975059,97435.006,76348.3761904199,97435.006,68128.4250000001,134361.75,76348.3761904199,45333.4114802709,119736.053211738,21086.6298095801,-10511.2729928071,52235.9639774551,-1.60565505968024,-21.3350865999926,-3.9105944182058,0.845486155945787,-47.1856455435288,11.3412083308957,8,0.2,-2,0,0.75,1,"Market species",50,10,1.13,26,1.8,1.7,0.41,0.67,0.42
9,"Trip bias 75%","sets",7.44183489506793,1983.798,7.45064741170466,98492.928,98317.9125714149,98492.928,67756.2,134131.125,98317.9125714149,67156.3461926926,133317.332746189,175.015428585148,-9428.9331182568,9864.10551796576,-0.00881251663673076,-0.102254809997591,-0.704723998908712,0.738468811606681,-9.08228702391852,9.78658356449954,9,0.2,0,-2,0.75,1,"Market species",50,10,1.13,26,1.8,1.7,0.41,0.67,0.42
9,"Trip bias 75%","trips",4.24407036994497,2586.592,7.45064741170466,98492.928,56104.9499692672,98492.928,67756.2,134131.125,56104.9499692672,36133.3773500978,78759.3120609135,42387.9780307328,25477.4344558311,63074.6053788461,-3.20657704175969,-42.9303488456463,-4.43806731405743,-2.15896889683485,-52.6744866588891,-31.1081072619634,9,0.2,0,-2,0.75,1,"Market species",50,10,1.13,26,1.8,1.7,0.41,0.67,0.42
9,"Trip bias 75%","vessels",7.46746828504711,1985.256,7.45064741170466,98492.928,98567.841777248,98492.928,67756.2,134131.125,98567.841777248,55477.3298598538,158255.961864407,-74.9137772480245,-41098.6637491125,37523.6052403376,0.0168208733424451,0.323602674179095,-2.74414915750906,3.30504828399954,-36.2609719666634,44.4012253069575,9,0.2,0,-2,0.75,1,"Market species",50,10,1.13,26,1.8,1.7,0.41,0.67,0.42
10,"Baseline","sets",9.5849223195029,2604.15,9.56410648259122,124576.694,124840.619997275,124576.694,76022.5,199023.224999999,124840.619997275,76267.2059893302,200422.390290033,-263.925997274704,-15221.2856965619,14446.2908140814,0.0208158369116761,0.187264453710037,-1.07950005713518,1.20440331453613,-9.60296632793498,12.4294439683957,1,1,0,0,0.2,2,"Market species + high vessel variance",50,10,1.13,26,1.8,1.7,0.82,0.67,0.42
10,"Baseline","trips",9.56244067055897,2603.175,9.56410648259122,124576.694,124546.718138277,124576.694,76022.5,199023.224999999,124546.718138277,76028.681090156,197923.923056755,29.9758617234089,-11706.7941576705,11123.1971172903,-0.00166581203225505,-0.0185896892180526,-0.893015889155545,0.964397966261277,-8.53387543390593,9.46887100222672,1,1,0,0,0.2,2,"Market species + high vessel variance",50,10,1.13,26,1.8,1.7,0.82,0.67,0.42
10,"Baseline","vessels",9.56646773526288,2605.061,9.56410648259122,124576.694,124642.10145181,124576.694,76022.5,199023.224999999,124642.10145181,76075.4742462142,197343.689741017,-65.4074518103008,-13002.9644389325,12334.9891182075,0.00236125267166052,0.00571929154059961,-0.981372467502517,1.03706770387181,-9.68417318093487,10.2487085820619,1,1,0,0,0.2,2,"Market species + high vessel variance",50,10,1.13,26,1.8,1.7,0.82,0.67,0.42
11,"Vessel bias","sets",9.49481880431667,2642.39,9.50127381950062,125389.473,125337.610161055,125389.473,77964.275,197304.325,125337.610161055,76583.4962189486,204177.654393006,51.86283894464,-13059.0602301939,12445.2491132199,-0.00645501518394439,-0.041720504135365,-1.01028432633853,0.995062602777315,-9.77202568074471,10.1971904327224,2,1,-2,0,0.2,2,"Market species + high vessel variance",50,10,1.13,26,1.8,1.7,0.82,0.67,0.42
11,"Vessel bias","trips",9.50321201897505,2639.155,9.50127381950062,125389.473,125409.990161043,125389.473,77964.275,197304.325,125409.990161043,76215.8909557382,205779.941769317,-20.5171610430444,-12550.4823575877,11497.5690095768,0.00193819947443126,0.0150881485833764,-0.920609295203925,0.932757367406445,-9.23800309497141,9.44565223617491,2,1,-2,0,0.2,2,"Market species + high vessel variance",50,10,1.13,26,1.8,1.7,0.82,0.67,0.42
11,"Vessel bias","vessels",9.51148157619694,2640.284,9.50127381950062,125389.473,125511.955619709,125389.473,77964.275,197304.325,125511.955619709,76008.3813875109,200671.311380565,-122.482619708887,-13824.1918921839,12671.8014926608,0.0102077566963269,0.076600089724866,-0.968327518515999,1.13316473255302,-9.17786374211186,10.5580433208056,2,1,-2,0,0.2,2,"Market species + high vessel variance",50,10,1.13,26,1.8,1.7,0.82,0.67,0.42
12,"Trip bias","sets",9.58018244091785,2621.607,9.55869503771727,125392.181,125737.70590327,125392.181,74473.525,200465.000000001,125737.70590327,74382.8794193371,198626.960224382,-345.52490326964,-14049.9664559956,12899.6551120875,0.0214874032005816,0.278920726627285,-1.0038328352998,1.12741639241032,-9.49225971103061,10.9668311294448,3,1,0,-2,0.2,2,"Market species + high vessel variance",50,10,1.13,26,1.8,1.7,0.82,0.67,0.42
12,"Trip bias","trips",9.56173108984155,2618.815,9.55869503771727,125392.181,125464.601528424,125392.181,74473.525,200465.000000001,125464.601528424,73846.0437391105,196284.838742959,-72.4205284238127,-12293.9706295033,11049.7007497069,0.00303605212427762,0.0350842563175935,-0.83952159118326,0.954865889194593,-8.79647926548548,9.62964943256942,3,1,0,-2,0.2,2,"Market species + high vessel variance",50,10,1.13,26,1.8,1.7,0.82,0.67,0.42
12,"Trip bias","vessels",9.56317360550858,2620.251,9.55869503771727,125392.181,125454.139297288,125392.181,74473.525,200465.000000001,125454.139297288,74273.5755696299,205607.379030929,-61.958297287909,-12445.8389082815,12056.5123509818,0.00447856779130286,0.0317688570020906,-0.974440315946935,0.95303563128885,-9.33623463186236,10.1514427662924,3,1,0,-2,0.2,2,"Market species + high vessel variance",50,10,1.13,26,1.8,1.7,0.82,0.67,0.42
13,"Baseline 20%","sets",9.61802743542532,525.576,9.64761233022208,126717.913,126359.750165087,126717.913,77390.45,199435.225000001,126359.750165087,73207.0166079175,212580.766999003,358.162834912723,-34666.71813589,27707.5699437046,-0.0295848947967571,-0.318400937591209,-2.15273037924243,2.61969519660213,-21.1552300959165,26.5964044034416,4,0.2,0,0,0.2,2,"Market species + high vessel variance",50,10,1.13,26,1.8,1.7,0.82,0.67,0.42
13,"Baseline 20%","trips",9.57273917678658,524.956,9.64761233022208,126717.913,125762.814212411,126717.913,77390.45,199435.225000001,125762.814212411,64815.0158487982,218008.251147742,955.098787589069,-54502.2418389262,41527.3460430144,-0.0748731534354945,-0.607854124529532,-3.16846579756583,3.96951763795423,-31.891417961096,40.6601411927403,4,0.2,0,0,0.2,2,"Market species + high vessel variance",50,10,1.13,26,1.8,1.7,0.82,0.67,0.42
13,"Baseline 20%","vessels",9.53662823673579,521.564,9.64761233022208,126717.913,125328.852230952,126717.913,77390.45,199435.225000001,125328.852230952,47668.2170245067,277414.598775497,1389.06076904776,-129775.277329309,84287.5379192541,-0.110984093486287,-0.912960429577325,-6.08777385969326,10.0080801385902,-57.5054374079465,93.106258455788,4,0.2,0,0,0.2,2,"Market species + high vessel variance",50,10,1.13,26,1.8,1.7,0.82,0.67,0.42
14,"Vessel bias 20%","sets",9.61191390419972,526.301,9.62690034823006,126709.6,126453.527405224,126709.6,76789.625,204093.675,126453.527405224,72927.9497185025,206920.89241804,256.07259477598,-37381.0470029228,30719.3935613604,-0.0149864440303362,-0.0787206468520957,-2.34919913448059,2.85425826416029,-22.7350217905062,28.5903527422059,5,0.2,-2,0,0.2,2,"Market species + high vessel variance",50,10,1.13,26,1.8,1.7,0.82,0.67,0.42
14,"Vessel bias 20%","trips",9.62526133203224,522.363,9.62690034823006,126709.6,126533.503967258,126709.6,76789.625,204093.675,126533.503967258,67747.4287000932,223733.847613272,176.09603274211,-60483.1109080855,41650.3545245419,-0.00163901619781846,0.112234835672322,-3.28770544200356,4.79332942554544,-30.6514697831541,47.0179800584861,5,0.2,-2,0,0.2,2,"Market species + high vessel variance",50,10,1.13,26,1.8,1.7,0.82,0.67,0.42
14,"Vessel bias 20%","vessels",4.32703084857941,748.746,9.62690034823006,126709.6,56921.6048436958,126709.6,76789.625,204093.675,56921.6048436958,28500.705972024,105795.815007954,69787.9951563042,18848.9544370037,141360.011645047,-5.29986949965065,-53.7528627428049,-10.1791688125786,-1.5697667416303,-78.4837675081377,-20.3778523594603,5,0.2,-2,0,0.2,2,"Market species + high vessel variance",50,10,1.13,26,1.8,1.7,0.82,0.67,0.42
15,"Trip bias 20%","sets",9.58243422795187,524.655,9.59560615507216,126110.75,126001.960379975,126110.75,73592.975,197438.825,126001.960379975,68375.912227606,203473.508370386,108.789620024507,-35271.4092906969,27140.3481884051,-0.0131719271202967,-0.168116509801302,-2.15051363017273,2.57988271258534,-22.1047199471854,26.4509782676886,6,0.2,0,-2,0.2,2,"Market species + high vessel variance",50,10,1.13,26,1.8,1.7,0.82,0.67,0.42
15,"Trip bias 20%","trips",5.43427628465645,682.536,9.59560615507216,126110.75,71328.2120420508,126110.75,73592.975,197438.825,71328.2120420508,39988.4868077803,118789.247442134,54782.5379579492,23343.6241840469,98467.4620330288,-4.16132987041572,-43.2826900327565,-7.17540873920079,-1.97935254884513,-58.7865624180184,-21.9002891454697,6,0.2,0,-2,0.2,2,"Market species + high vessel variance",50,10,1.13,26,1.8,1.7,0.82,0.67,0.42
15,"Trip bias 20%","vessels",9.46427570881845,520.066,9.59560615507216,126110.75,124515.201443706,126110.75,73592.975,197438.825,124515.201443706,49132.748972714,271416.814129697,1595.54855629425,-117231.055100152,87744.7043039722,-0.131330446253721,-0.861639197358966,-6.27115342464362,9.74933965776813,-59.6676647664695,94.0960477854506,6,0.2,0,-2,0.2,2,"Market species + high vessel variance",50,10,1.13,26,1.8,1.7,0.82,0.67,0.42
16,"Baseline 75%","sets",9.53060859104059,1957.272,9.56905807442753,124774.769,124285.645515555,124774.769,76467.925,202007.325,124285.645515555,74397.279164786,202698.777117496,489.12348444454,-15966.5698610617,16293.6610173175,-0.038449483386946,-0.335249308755791,-1.29103512346913,1.2613810421506,-11.9844039277713,12.5001051768831,7,0.2,0,0,0.75,2,"Market species + high vessel variance",50,10,1.13,26,1.8,1.7,0.82,0.67,0.42
16,"Baseline 75%","trips",9.54038034531939,1958.97,9.56905807442753,124774.769,124435.602738764,124774.769,76467.925,202007.325,124435.602738764,69173.4801751973,210790.802098755,339.166261235561,-45998.4462507788,40838.3415518048,-0.0286777291081403,-0.107471517812282,-3.21382628391312,3.41730825564639,-28.3551150663094,34.1527823808478,7,0.2,0,0,0.75,2,"Market species + high vessel variance",50,10,1.13,26,1.8,1.7,0.82,0.67,0.42
16,"Baseline 75%","vessels",9.55175265678356,1970.879,9.56905807442753,124774.769,124401.734631236,124774.769,76467.925,202007.325,124401.734631236,46936.676529578,286858.380674337,373.034368763885,-137670.674315183,83297.7067874104,-0.0173054176439681,-0.614057321511332,-6.21366793739255,10.0207339914238,-59.1621376090814,93.4211873447108,7,0.2,0,0,0.75,2,"Market species + high vessel variance",50,10,1.13,26,1.8,1.7,0.82,0.67,0.42
17,"Vessel bias 75%","sets",9.59156523917944,1963.854,9.57036273176727,125464.84,125819.576398335,125464.84,74211.775,201630.85,125819.576398335,72995.1175262534,206150.201634322,-354.736398335249,-17208.021496165,15179.2978871213,0.0212025074121653,0.176736647349276,-1.13369649444148,1.3448658573814,-11.4909816001378,12.4508629800899,8,0.2,-2,0,0.75,2,"Market species + high vessel variance",50,10,1.13,26,1.8,1.7,0.82,0.67,0.42
17,"Vessel bias 75%","trips",9.56081046327955,1966.807,9.57036273176727,125464.84,125302.225558695,125464.84,74211.775,201630.85,125302.225558695,67020.3442929669,217834.650813177,162.614441305123,-49725.86422391,37167.1028004241,-0.00955226848772258,-0.164294292632545,-2.93424996832706,3.71766250948819,-27.4054600347261,38.3138846084025,8,0.2,-2,0,0.75,2,"Market species + high vessel variance",50,10,1.13,26,1.8,1.7,0.82,0.67,0.42
17,"Vessel bias 75%","vessels",4.31228074679244,2724.384,9.57036273176727,125464.84,56497.1430970889,125464.84,74211.775,201630.85,56497.1430970889,28008.8039166392,100689.602579543,68967.6969029111,19291.5362345679,141520.99505366,-5.25808198497483,-53.7279081956471,-10.2399593922815,-1.70448466748388,-76.5878389472313,-20.5136435718184,8,0.2,-2,0,0.75,2,"Market species + high vessel variance",50,10,1.13,26,1.8,1.7,0.82,0.67,0.42
18,"Trip bias 75%","sets",9.51765179500329,1959.266,9.523628961399,124504.423,124425.611668071,124504.423,76749.475,200005.75,124425.611668071,75056.617901583,200981.95333739,78.8113319291479,-16003.3950444099,14535.5540501082,-0.00597716639571883,-0.091563995769592,-1.09052026146676,1.22080344212668,-11.2931262510982,12.4827944037407,9,0.2,0,-2,0.75,2,"Market species + high vessel variance",50,10,1.13,26,1.8,1.7,0.82,0.67,0.42
18,"Trip bias 75%","trips",5.40044323329945,2552.941,9.523628961399,124504.423,70620.5399103965,124504.423,76749.475,200005.75,70620.5399103965,40882.4649258097,116677.319378784,53883.8830896035,24170.5612184772,99431.5022788122,-4.12318572809955,-43.0301156854054,-7.33114400687565,-2.16875068897662,-57.3486877803159,-26.3808367462217,9,0.2,0,-2,0.75,2,"Market species + high vessel variance",50,10,1.13,26,1.8,1.7,0.82,0.67,0.42
18,"Trip bias 75%","vessels",9.55742177018374,1936.099,9.523628961399,124504.423,124820.183927664,124504.423,76749.475,200005.75,124820.183927664,48448.9073326188,275199.209412001,-315.76092766415,-115176.01551345,76431.6081287874,0.0337928087847328,0.441686371732999,-6.0051557903336,8.57979837744286,-55.2724603668887,83.3607118880936,9,0.2,0,-2,0.75,2,"Market species + high vessel variance",50,10,1.13,26,1.8,1.7,0.82,0.67,0.42
19,"Baseline","sets",13.8888641059611,2624.652,13.872595959234,181848.608,182203.895566113,181848.608,116111.475,263640.8,182203.895566113,114839.921056568,277399.137868077,-355.287566112849,-30482.3200554191,26220.6348409531,0.016268146727165,0.073196063859309,-2.08593648421565,2.20376457732735,-13.5048375549409,14.6653296988514,1,1,0,0,0.2,3,"Market species + high trip variance",50,10,1.13,26,1.8,1.7,0.41,1.3,0.42
19,"Baseline","trips",13.8675906492897,2620.92,13.872595959234,181848.608,181722.474872555,181848.608,116111.475,263640.8,181722.474872555,113830.265905637,268654.260369774,126.133127444925,-25268.5713636158,23700.7204851666,-0.00500530994423389,-0.0294303956029987,-1.78242868882631,1.92088998431571,-12.7838892405786,13.3897096375948,1,1,0,0,0.2,3,"Market species + high trip variance",50,10,1.13,26,1.8,1.7,0.41,1.3,0.42
19,"Baseline","vessels",13.9206207025171,2622.393,13.872595959234,181848.608,182557.916608297,181848.608,116111.475,263640.8,182557.916608297,115213.414002254,271821.597891681,-709.308608296996,-28954.9339712821,26335.0961016231,0.0480247432831225,0.350261432904807,-2.04741680575342,2.14016889083281,-13.7672619524935,14.7819250407247,1,1,0,0,0.2,3,"Market species + high trip variance",50,10,1.13,26,1.8,1.7,0.41,1.3,0.42
20,"Vessel bias","sets",13.8674808316434,2612.655,13.9234797493948,181896.783,181216.28594387,181896.783,115846.55,267988.525,181216.28594387,112544.340101285,273805.760845009,680.497056129814,-28384.2300448339,28679.5537824454,-0.0559989177514128,-0.378455891639629,-2.25433723769219,2.19841576661713,-14.4828378855555,14.2070218470893,2,1,-2,0,0.2,3,"Market species + high trip variance",50,10,1.13,26,1.8,1.7,0.41,1.3,0.42
20,"Vessel bias","trips",13.9376061163851,2610.185,13.9234797493948,181896.783,182066.367208083,181896.783,115846.55,267988.525,182066.367208083,113040.22831326,277226.074524722,-169.584208083337,-24400.7461305576,25580.9635654514,0.0141263669902425,0.113297092540088,-1.84884833003803,1.9161544161769,-11.9349804203963,13.3971525441402,2,1,-2,0,0.2,3,"Market species + high trip variance",50,10,1.13,26,1.8,1.7,0.41,1.3,0.42
20,"Vessel bias","vessels",13.9196936509974,2611.933,13.9234797493948,181896.783,181832.721245106,181896.783,115846.55,267988.525,181832.721245106,113659.891896796,272526.748301238,64.0617548939072,-30068.0566877908,25752.1773743811,-0.00378609839741309,-0.0631283983514645,-1.94899535825772,2.18899153049732,-13.2878640853922,15.103093189423,2,1,-2,0,0.2,3,"Market species + high trip variance",50,10,1.13,26,1.8,1.7,0.41,1.3,0.42
21,"Trip bias","sets",13.6844236958271,2593.757,13.7260735807036,177783.033,177200.020741845,177783.033,115313.625,261085.525,177200.020741845,110042.398437503,270101.209869752,583.012258154814,-26304.9755432248,26869.6098913759,-0.0416498848764637,-0.322650907747006,-2.06706874703033,2.03029478140702,-14.7517293365468,16.0084775090114,3,1,0,-2,0.2,3,"Market species + high trip variance",50,10,1.13,26,1.8,1.7,0.41,1.3,0.42
21,"Trip bias","trips",13.7068711159559,2589.796,13.7260735807036,177783.033,177608.298582147,177783.033,115313.625,261085.525,177608.298582147,110447.956748257,260278.966018303,174.734417852668,-25792.7873317531,22725.0807511755,-0.0192024647477234,-0.0270037355462954,-1.74745509390201,1.98455478249915,-11.8847108421034,13.8801995863139,3,1,0,-2,0.2,3,"Market species + high trip variance",50,10,1.13,26,1.8,1.7,0.41,1.3,0.42
21,"Trip bias","vessels",13.6864342716936,2591.61,13.7260735807036,177783.033,177167.329572963,177783.033,115313.625,261085.525,177167.329572963,111167.234814457,264866.312888184,615.703427036849,-27232.4703272799,28201.2917918659,-0.0396393090100342,-0.221142732524441,-2.14623458565111,2.23561410212033,-14.703126748118,14.8657806030242,3,1,0,-2,0.2,3,"Market species + high trip variance",50,10,1.13,26,1.8,1.7,0.41,1.3,0.42
22,"Baseline 20%","sets",13.8619414652247,527.612,13.8827262682564,183229.916,182778.099237879,183229.916,118128.2,267153.55,182778.099237879,105155.508437902,294727.707992647,451.816762120625,-72240.5605344439,54604.579202989,-0.0207848030316951,-0.146484884350035,-4.17425719559572,5.75543840596316,-28.8870209579719,41.8190822647317,4,0.2,0,0,0.2,3,"Market species + high trip variance",50,10,1.13,26,1.8,1.7,0.41,1.3,0.42
22,"Baseline 20%","trips",13.810175681769,525.019,13.8827262682564,183229.916,182316.292161113,183229.916,118128.2,267153.55,182316.292161113,91763.9687047494,334952.03580869,913.623838886708,-119455.549622382,80280.0021944679,-0.0725505864873962,-0.806713600049672,-6.20855288104611,9.15709154706567,-40.5006041487957,63.3024644320208,4,0.2,0,0,0.2,3,"Market species + high trip variance",50,10,1.13,26,1.8,1.7,0.41,1.3,0.42
22,"Baseline 20%","vessels",14.060136285919,535.39,13.8827262682564,183229.916,185742.918438145,183229.916,118128.2,267153.55,185742.918438145,79177.5477897103,382815.742266547,-2513.00243814541,-168620.634304754,107686.870410959,0.17741001766263,1.60284514576037,-8.16787709728213,12.8591017705371,-52.5831760692125,85.6709445014861,4,0.2,0,0,0.2,3,"Market species + high trip variance",50,10,1.13,26,1.8,1.7,0.41,1.3,0.42
23,"Vessel bias 20%","sets",14.1236151735231,520.362,13.9013402401218,180372.946,183014.352465254,180372.946,121454.55,258379.625,183014.352465254,104680.153873941,305019.727619739,-2641.4064652537,-73539.5621388634,57099.929559484,0.22227493340137,1.30632960085153,-4.39738617151408,5.76034239482676,-29.3161296760556,40.8482080950451,5,0.2,-2,0,0.2,3,"Market species + high trip variance",50,10,1.13,26,1.8,1.7,0.41,1.3,0.42
23,"Vessel bias 20%","trips",14.0441477910997,521.052,13.9013402401218,180372.946,182333.382792392,180372.946,121454.55,258379.625,182333.382792392,92773.8130264823,337125.787474183,-1960.43679239196,-134192.243448899,84310.910972906,0.142807550977964,1.29230256617469,-6.6271636111062,9.95395449139899,-41.9791047257647,69.0755173262625,5,0.2,-2,0,0.2,3,"Market species + high trip variance",50,10,1.13,26,1.8,1.7,0.41,1.3,0.42
23,"Vessel bias 20%","vessels",10.7638343504604,587.554,13.9013402401218,180372.946,139863.993966224,180372.946,121454.55,258379.625,139863.993966224,66582.3127745333,276738.886391028,40508.9520337759,-68909.3061972259,129211.396778066,-3.13750588966139,-21.9911166571331,-10.0418295010831,5.19925131520016,-62.6584473778884,39.6347651976479,5,0.2,-2,0,0.2,3,"Market species + high trip variance",50,10,1.13,26,1.8,1.7,0.41,1.3,0.42
24,"Trip bias 20%","sets",13.9454326675532,526.444,13.8300952681848,182189.619,183660.039002298,182189.619,117234.275,274181.175,183660.039002298,102589.563695652,312354.582239124,-1470.42000229793,-83755.5330777308,57457.3826702036,0.115337399368416,0.805889681764363,-4.39729729776567,6.22051576446153,-29.0083938707365,42.431818125429,6,0.2,0,-2,0.2,3,"Market species + high trip variance",50,10,1.13,26,1.8,1.7,0.41,1.3,0.42
24,"Trip bias 20%","trips",2.76686862931909,869.33,13.8300952681848,182189.619,36392.7600348588,182189.619,117234.275,274181.175,36392.7600348588,22617.3124925432,53419.3837184783,145796.858965141,90595.0573877804,227084.297742166,-11.0632266388657,-79.6857914650805,-15.7752899883716,-7.80960726562059,-86.314533657132,-70.7520017604198,6,0.2,0,-2,0.2,3,"Market species + high trip variance",50,10,1.13,26,1.8,1.7,0.41,1.3,0.42
24,"Trip bias 20%","vessels",14.1126541818651,522.366,13.8300952681848,182189.619,186279.795748987,182189.619,117234.275,274181.175,186279.795748987,77190.8586024383,400468.77997155,-4090.17674898715,-182787.668022598,103255.24832388,0.282558913680343,1.60266891626599,-7.7625413936079,13.2016269266956,-51.4339847675306,88.5695091061204,6,0.2,0,-2,0.2,3,"Market species + high trip variance",50,10,1.13,26,1.8,1.7,0.41,1.3,0.42
25,"Baseline 75%","sets",13.8347691125297,1939.754,13.876541221024,179291.182,178834.219677467,179291.182,118082.45,267087.725,178834.219677467,112913.153196986,271753.792254331,456.962322533378,-35069.9716667553,34283.8207506255,-0.0417721084943001,-0.217532999318215,-2.56106475413827,2.75040200883319,-17.5044150821896,19.041100226632,7,0.2,0,0,0.75,3,"Market species + high trip variance",50,10,1.13,26,1.8,1.7,0.41,1.3,0.42
25,"Baseline 75%","trips",13.6994454914165,1941.919,13.876541221024,179291.182,176658.707215078,179291.182,118082.45,267087.725,176658.707215078,95477.6506081762,312154.849635354,2632.47478492196,-99045.0459804494,80464.1322413221,-0.177095729607475,-1.13356504306631,-6.01332833501465,8.15069089907778,-38.3453310463817,54.6382588767952,7,0.2,0,0,0.75,3,"Market species + high trip variance",50,10,1.13,26,1.8,1.7,0.41,1.3,0.42
25,"Baseline 75%","vessels",14.2522950633907,1934.321,13.876541221024,179291.182,183777.549932044,179291.182,118082.45,267087.725,183777.549932044,82197.9971839206,384809.580734095,-4486.3679320435,-164618.20119123,100051.296061964,0.37575384236668,2.42919806314946,-7.60187008297245,13.1169314530388,-47.8529838265578,86.1621396390387,7,0.2,0,0,0.75,3,"Market species + high trip variance",50,10,1.13,26,1.8,1.7,0.41,1.3,0.42
26,"Vessel bias 75%","sets",13.8179403022453,1963.474,13.7414175661836,179925.215,180989.600440172,179925.215,116699.600000001,264391.6,180989.600440172,113157.659671683,271349.712307436,-1064.38544017189,-35608.9207470733,30788.5562773271,0.076522736061746,0.56185041120922,-2.27122510176424,2.813226609706,-15.2062663341127,18.4776706167596,8,0.2,-2,0,0.75,3,"Market species + high trip variance",50,10,1.13,26,1.8,1.7,0.41,1.3,0.42
26,"Vessel bias 75%","trips",13.9521242656147,1952.851,13.7414175661836,179925.215,182525.314207193,179925.215,116699.600000001,264391.6,182525.314207193,93420.1977079144,329999.227251842,-2600.09920719277,-109579.378918396,75291.679176056,0.210706699431181,1.32559269404213,-6.14508670267672,8.36043692081763,-41.6743405897654,58.819165248584,8,0.2,-2,0,0.75,3,"Market species + high trip variance",50,10,1.13,26,1.8,1.7,0.41,1.3,0.42
26,"Vessel bias 75%","vessels",10.7418109167193,2214.843,13.7414175661836,179925.215,140529.309119604,179925.215,116699.600000001,264391.6,140529.309119604,71783.6795769921,255310.948913697,39395.9058803964,-49463.2350045286,126777.138181126,-2.99960664946424,-21.5211877268241,-9.45692564829521,3.77768470908061,-58.7539451042142,26.2522828569411,8,0.2,-2,0,0.75,3,"Market species + high trip variance",50,10,1.13,26,1.8,1.7,0.41,1.3,0.42
27,"Trip bias 75%","sets",13.953248104649,1961.006,13.9191171541823,181928.216,182490.864794962,181928.216,115370.75,268063.85,182490.864794962,112472.632456068,277106.755485303,-562.648794962145,-37217.659698466,30763.3877293183,0.0341309504667372,0.251809793911054,-2.49030449019907,2.79546167155573,-16.9562995906455,19.8967101520322,9,0.2,0,-2,0.75,3,"Market species + high trip variance",50,10,1.13,26,1.8,1.7,0.41,1.3,0.42
27,"Trip bias 75%","trips",2.7774811671539,3222.855,13.9191171541823,181928.216,36316.9380448717,181928.216,115370.75,268063.85,36316.9380448717,22984.6336850096,53263.0550111966,145611.277955128,90102.6159046968,224415.330837363,-11.1416359870284,-79.708781860979,-15.9606228464564,-7.792588866391,-86.2229827686588,-71.8000386115214,9,0.2,0,-2,0.75,3,"Market species + high trip variance",50,10,1.13,26,1.8,1.7,0.41,1.3,0.42
27,"Trip bias 75%","vessels",14.0128627744365,1962.119,13.9191171541823,181928.216,182716.621974242,181928.216,115370.75,268063.85,182716.621974242,87581.5699271137,372595.095797772,-788.405974242311,-155829.822606469,94879.8951575961,0.0937456202542399,0.354311169409675,-7.22599680276278,11.945592822746,-48.4290894446602,75.7666806614846,9,0.2,0,-2,0.75,3,"Market species + high trip variance",50,10,1.13,26,1.8,1.7,0.41,1.3,0.42
28,"Baseline","sets",0.116160217815647,2617.293,0.115673557140266,1513.233,1519.39897179501,1513.233,1019.95,2220.34999999999,1519.39897179501,985.546720771197,2232.92559613357,-6.16597179500811,-213.682241219582,189.457316604085,0.000486660675380464,0.410427977294468,-0.0150577737515044,0.0159418073967088,-12.8673518297529,13.9044940153935,1,1,0,0,0.2,4,"Bycatch species ",50,10,1.13,26,1.8,-2.52,0.55,0.65,0.42
28,"Baseline","trips",0.116052328031814,2614.411,0.115673557140266,1513.233,1518.28273655897,1513.233,1019.95,2220.34999999999,1518.28273655897,1008.0374678971,2253.42222308952,-5.04973655897005,-204.384788609132,185.256231283274,0.000378770891548149,0.357162827241476,-0.0145377680476777,0.015666648551515,-12.4852538164862,13.5508429570173,1,1,0,0,0.2,4,"Bycatch species ",50,10,1.13,26,1.8,-2.52,0.55,0.65,0.42
28,"Baseline","vessels",0.115773515441603,2615.713,0.115673557140266,1513.233,1514.27132531239,1513.233,1019.95,2220.34999999999,1514.27132531239,1000.70762135717,2227.02189724399,-1.03832531239149,-210.218614767383,199.73761978666,9.99583013368106e-05,0.0842275640601263,-0.015394316693024,0.0153968041550838,-12.3970791619357,12.8693857149581,1,1,0,0,0.2,4,"Bycatch species ",50,10,1.13,26,1.8,-2.52,0.55,0.65,0.42
29,"Vessel bias","sets",0.116195967919815,2626.136,0.115904147570957,1522.813,1526.4520432775,1522.813,1000.8,2186.1,1526.4520432775,996.208771493008,2231.49266043707,-3.63904327750254,-198.752958002963,192.088620749468,0.000291820348857673,0.2498893963704,-0.0147172452845807,0.0153582529346785,-12.5779204935579,13.0346454062364,2,1,-2,0,0.2,4,"Bycatch species ",50,10,1.13,26,1.8,-2.52,0.55,0.65,0.42
29,"Vessel bias","trips",0.115526545984763,2625.285,0.115904147570957,1522.813,1518.8551918453,1522.813,1000.8,2186.1,1518.8551918453,968.21205913957,2265.10564035782,3.95780815470144,-193.572987535411,185.348299606287,-0.00037760158619417,-0.338472053046338,-0.0154370562726066,0.0150587754325543,-12.832208603161,13.4428374197942,2,1,-2,0,0.2,4,"Bycatch species ",50,10,1.13,26,1.8,-2.52,0.55,0.65,0.42
29,"Vessel bias","vessels",0.115915771706898,2626.725,0.115904147570957,1522.813,1523.19372204032,1522.813,1000.8,2186.1,1523.19372204032,989.522317482391,2225.00344606242,-0.380722040320437,-203.549817419616,189.52178724702,1.16241359407075e-05,-0.00864755108547489,-0.0146120038225746,0.0157366294965507,-12.5603953284359,13.2762305914003,2,1,-2,0,0.2,4,"Bycatch species ",50,10,1.13,26,1.8,-2.52,0.55,0.65,0.42
30,"Trip bias","sets",0.115867758305431,2641.296,0.115780547864112,1526.191,1527.54690844314,1526.191,998.95,2194.17499999999,1527.54690844314,955.209091858696,2211.91900854972,-1.35590844313633,-209.296370470609,195.892427731847,8.721044131923e-05,0.0454767972669751,-0.0148150975496592,0.0152294630970746,-12.6001568973747,13.3064293358503,3,1,0,-2,0.2,4,"Bycatch species ",50,10,1.13,26,1.8,-2.52,0.55,0.65,0.42
30,"Trip bias","trips",0.115877675900806,2635.762,0.115780547864112,1526.191,1528.27264823247,1526.191,998.95,2194.17499999999,1528.27264823247,965.511919387988,2232.22899888948,-2.08164823246657,-190.169135541832,174.802191901878,9.71280366937445e-05,0.0192539375827753,-0.0139154696731594,0.0140210475903971,-12.2211060448632,12.6502960940468,3,1,0,-2,0.2,4,"Bycatch species ",50,10,1.13,26,1.8,-2.52,0.55,0.65,0.42
30,"Trip bias","vessels",0.115745862278246,2637.624,0.115780547864112,1526.191,1525.44107584439,1526.191,998.95,2194.17499999999,1525.44107584439,970.161364494882,2227.78110911676,0.749924155607074,-205.148992936235,184.685200853428,-3.46855858660572e-05,-0.0307911958471921,-0.0144818335034589,0.015677961269088,-12.6141136056255,13.3910137259231,3,1,0,-2,0.2,4,"Bycatch species ",50,10,1.13,26,1.8,-2.52,0.55,0.65,0.42
31,"Baseline 20%","sets",0.116630529834226,522.088,0.115673185657974,1510.714,1523.07615762111,1510.714,992.9,2177.99999999999,1523.07615762111,893.62350679313,2444.66038153556,-12.3621576211095,-552.493936613217,421.41263368984,0.000957344176251833,0.87083677701604,-0.033419614030901,0.0427713466188084,-27.2843268625959,36.6114209869575,4,0.2,0,0,0.2,4,"Bycatch species ",50,10,1.13,26,1.8,-2.52,0.55,0.65,0.42
31,"Baseline 20%","trips",0.115895398041716,520.507,0.115673185657974,1510.714,1513.45770065805,1510.714,992.9,2177.99999999999,1513.45770065805,805.721366157329,2503.01493548388,-2.74370065804973,-657.178319685802,547.05301809536,0.000222212383741891,0.0535501169382675,-0.0413669071762123,0.0491519625714014,-36.3895846234472,41.2923179716689,4,0.2,0,0,0.2,4,"Bycatch species ",50,10,1.13,26,1.8,-2.52,0.55,0.65,0.42
31,"Baseline 20%","vessels",0.114962009614321,515.814,0.115673185657974,1510.714,1501.02701205937,1510.714,992.9,2177.99999999999,1501.02701205937,657.610889355743,2915.16187232143,9.68698794062618,-1169.78568057324,779.434463155429,-0.000711176043652898,-0.41624920062355,-0.0605462033613188,0.0818055803363251,-49.8676410383859,69.3237338788316,4,0.2,0,0,0.2,4,"Bycatch species ",50,10,1.13,26,1.8,-2.52,0.55,0.65,0.42
32,"Vessel bias 20%","sets",0.11457124838123,523.027,0.115583445847976,1511.915,1498.65348765362,1511.915,1014.85,2179.07500000001,1498.65348765362,861.64688259844,2313.68491954758,13.2615123463834,-482.832279029464,465.715734193017,-0.00101219746674595,-0.832086019801561,-0.035223264407796,0.0365951567233029,-29.7535647049351,32.5947802397427,5,0.2,-2,0,0.2,4,"Bycatch species ",50,10,1.13,26,1.8,-2.52,0.55,0.65,0.42
32,"Vessel bias 20%","trips",0.114947447608473,523.088,0.115583445847976,1511.915,1504.60602163094,1511.915,1014.85,2179.07500000001,1504.60602163094,824.232926829269,2532.65132617404,7.30897836906378,-669.876051777567,493.511669860481,-0.000635998239502511,-0.832845616891015,-0.0380831343803117,0.0492526220991066,-33.8124566897587,42.445538922523,5,0.2,-2,0,0.2,4,"Bycatch species ",50,10,1.13,26,1.8,-2.52,0.55,0.65,0.42
32,"Vessel bias 20%","vessels",0.0759339845467064,632.114,0.115583445847976,1511.915,994.2062211893,1511.915,1014.85,2179.07500000001,994.2062211893,471.853089244186,1770.16312593979,517.7087788107,-76.9781499202437,1146.26766789009,-0.0396494613012691,-33.9267951794059,-0.0874146751423689,0.00549901159867972,-67.0589637710666,4.73489516566873,5,0.2,-2,0,0.2,4,"Bycatch species ",50,10,1.13,26,1.8,-2.52,0.55,0.65,0.42
33,"Trip bias 20%","sets",0.115519433008516,524.083,0.115838157999498,1518.996,1515.15258177108,1518.996,980.9,2188.1,1515.15258177108,836.021142241477,2329.77640831995,3.84341822891848,-490.473204300025,456.60984378815,-0.000318724990981931,-0.246945610587264,-0.0348636881109421,0.0387642231412189,-30.0693226306797,33.2698008112714,6,0.2,0,-2,0.2,4,"Bycatch species ",50,10,1.13,26,1.8,-2.52,0.55,0.65,0.42
33,"Trip bias 20%","trips",0.0678506821314374,674.922,0.115838157999498,1518.996,889.152397738813,1518.996,980.9,2188.1,889.152397738813,487.455391686999,1466.36133259285,629.843602261187,213.002952455284,1106.0296226775,-0.0479874758680606,-41.2424830990631,-0.080222605694127,-0.0180176907848927,-62.543827961069,-16.4071183513543,6,0.2,0,-2,0.2,4,"Bycatch species ",50,10,1.13,26,1.8,-2.52,0.55,0.65,0.42
33,"Trip bias 20%","vessels",0.116415000500077,521.767,0.115838157999498,1518.996,1524.98292546296,1518.996,980.9,2188.1,1524.98292546296,645.234937656604,2764.96295706188,-5.98692546295933,-1004.04730215827,851.670183487309,0.000576842500579188,0.512267810960616,-0.0610076020365856,0.07685290730509,-50.9208052403379,67.8787223257483,6,0.2,0,-2,0.2,4,"Bycatch species ",50,10,1.13,26,1.8,-2.52,0.55,0.65,0.42
34,"Baseline 75%","sets",0.115672293820934,1967.23,0.115342941319932,1512.159,1517.22937189178,1512.159,1006.85,2173.02500000001,1517.22937189178,945.295269107376,2227.79824833948,-5.07037189177867,-255.519853727428,223.130425139862,0.000329352501001551,0.231403065123998,-0.0184922325171944,0.0197326247955049,-16.3636866211089,16.3531048611713,7,0.2,0,0,0.75,4,"Bycatch species ",50,10,1.13,26,1.8,-2.52,0.55,0.65,0.42
34,"Baseline 75%","trips",0.114580919816032,1956.816,0.115342941319932,1512.159,1500.31009170355,1512.159,1006.85,2173.02500000001,1500.31009170355,897.594918773181,2302.51701875556,11.8489082964529,-407.787235167479,412.445080668611,-0.00076202150390019,-0.683415538954427,-0.0315771309402872,0.0330541874802105,-26.0381724308297,28.1721569551506,7,0.2,0,0,0.75,4,"Bycatch species ",50,10,1.13,26,1.8,-2.52,0.55,0.65,0.42
34,"Baseline 75%","vessels",0.115752561603709,1941.206,0.115342941319932,1512.159,1516.13027358514,1512.159,1006.85,2173.02500000001,1516.13027358514,764.059745108231,2700.18071457735,-3.97127358513556,-963.006615785338,755.17839037417,0.000409620283776976,0.571698116404681,-0.054724078158601,0.0713804745126275,-44.5030598313362,64.0581584973162,7,0.2,0,0,0.75,4,"Bycatch species ",50,10,1.13,26,1.8,-2.52,0.55,0.65,0.42
35,"Vessel bias 75%","sets",0.114714292528518,1960.298,0.115039332695277,1502.355,1498.01356697728,1502.355,992.925,2079.075,1498.01356697728,935.734204384563,2159.55653043821,4.34143302272368,-231.4126797282,229.403668129485,-0.000325040166759075,-0.32687900105929,-0.0180542370548313,0.0175288784600125,-15.6363351870881,14.7277097523897,8,0.2,-2,0,0.75,4,"Bycatch species ",50,10,1.13,26,1.8,-2.52,0.55,0.65,0.42
35,"Vessel bias 75%","trips",0.114721689581601,1960.441,0.115039332695277,1502.355,1498.7806422777,1502.355,992.925,2079.075,1498.7806422777,886.873735468998,2269.60213341769,3.57435772229649,-434.858108264128,364.9291216468,-0.000317643113675766,-0.297448443997625,-0.0298408013507626,0.0335360210390706,-26.0561324127216,29.9560873255239,8,0.2,-2,0,0.75,4,"Bycatch species ",50,10,1.13,26,1.8,-2.52,0.55,0.65,0.42
35,"Vessel bias 75%","vessels",0.0765627302764224,2402.679,0.115039332695277,1502.355,999.223892790685,1502.355,992.925,2079.075,999.223892790685,551.572080975955,1628.74390744561,503.131107209315,-22.1808145936545,1006.53880482816,-0.0384766024188544,-33.0548243365424,-0.0754123242607389,0.00206056855180833,-59.4442242569515,1.72679125359749,8,0.2,-2,0,0.75,4,"Bycatch species ",50,10,1.13,26,1.8,-2.52,0.55,0.65,0.42
36,"Trip bias 75%","sets",0.115140198627451,1965.736,0.114827845841042,1502.338,1505.53851677313,1502.338,1002.8,2165.225,1505.53851677313,994.364781708465,2183.33067740828,-3.20051677312767,-247.177278334333,216.060193018818,0.000312352786409038,0.239089110689938,-0.0164105832953717,0.018965529416799,-14.881749088233,16.6102811313943,9,0.2,0,-2,0.75,4,"Bycatch species ",50,10,1.13,26,1.8,-2.52,0.55,0.65,0.42
36,"Trip bias 75%","trips",0.0665841693456618,2529.979,0.114827845841042,1502.338,871.81311953941,1502.338,1002.8,2165.225,871.81311953941,512.818529118964,1328.70173715636,630.524880460591,326.616063411789,1015.86592179502,-0.0482436764953805,-41.8542022706712,-0.0728434723289895,-0.0270633610190785,-56.4684182761544,-26.0760649428529,9,0.2,0,-2,0.75,4,"Bycatch species ",50,10,1.13,26,1.8,-2.52,0.55,0.65,0.42
36,"Trip bias 75%","vessels",0.115766237753873,1979.313,0.114827845841042,1502.338,1513.80206731394,1502.338,1002.8,2165.225,1513.80206731394,793.171642800074,2610.97044428513,-11.4640673139371,-893.284394392738,648.876836479266,0.000938391912831126,1.01816151829159,-0.0486612895374738,0.0685379191055311,-39.4650717427427,56.9558653955158,9,0.2,0,-2,0.75,4,"Bycatch species ",50,10,1.13,26,1.8,-2.52,0.55,0.65,0.42
37,"Baseline","sets",0.0106642405071183,2612.785,0.010715980149518,139.905,139.419822793835,139.905,88.975,200,139.419822793835,70.2120204155738,215.719371000426,0.485177206164825,-47.4223880891004,48.0210335288471,-5.17396423997037e-05,-0.378089402788116,-0.00379146444754961,0.00354412383607195,-34.1038584516419,35.3871069966123,1,1,0,0,0.2,5,"Rare bycatch species",50,10,1.13,26,1.8,-4.9,0.55,0.65,0.42
37,"Baseline","trips",0.0107240800917861,2611.035,0.010715980149518,139.905,139.855583965349,139.905,88.975,200,139.855583965349,74.9530889436944,215.384204276824,0.049416034651502,-46.2036000859488,45.2756252047417,8.09994226810321e-06,0.0535665645909285,-0.0036874050397004,0.00363541000984366,-33.4538178267017,36.2647406435856,1,1,0,0,0.2,5,"Rare bycatch species",50,10,1.13,26,1.8,-4.9,0.55,0.65,0.42
37,"Baseline","vessels",0.0106884794969316,2612.891,0.010715980149518,139.905,139.726871860329,139.905,88.975,200,139.726871860329,70.1713042023776,219.880577806201,0.178128139671456,-48.9311808470046,47.9523147345331,-2.75006525863991e-05,-0.271753205155538,-0.00361722147981506,0.00373739441856318,-34.7383574859152,34.4773729738111,1,1,0,0,0.2,5,"Rare bycatch species",50,10,1.13,26,1.8,-4.9,0.55,0.65,0.42
38,"Vessel bias","sets",0.0106620057416643,2620.109,0.0107527140844319,140.74,139.693998692511,140.74,88,206.025,139.693998692511,74.4815286423946,225.438159708442,1.04600130748858,-49.9465325814917,45.1597623695885,-9.07083427676453e-05,-0.784647738224868,-0.00356646720467179,0.00371443991400717,-32.7520409955398,35.9574165423195,2,1,-2,0,0.2,5,"Rare bycatch species",50,10,1.13,26,1.8,-4.9,0.55,0.65,0.42
38,"Vessel bias","trips",0.0107760249120873,2617.456,0.0107527140844319,140.74,140.933069279115,140.74,88,206.025,140.933069279115,74.9353610643307,220.33928491798,-0.193069279115246,-51.000570020266,45.1615305244248,2.33108276553868e-05,0.236422006765197,-0.00340707056453338,0.00381695239083212,-32.8748594212243,34.7844154484237,2,1,-2,0,0.2,5,"Rare bycatch species",50,10,1.13,26,1.8,-4.9,0.55,0.65,0.42
38,"Vessel bias","vessels",0.0107588866333969,2618.969,0.0107527140844319,140.74,140.715271052181,140.74,88,206.025,140.715271052181,74.976918503539,220.203607092195,0.0247289478187835,-47.8354871108142,44.1468478383156,6.17254896502721e-06,0.0546232022677851,-0.00349635336437282,0.00376946902102939,-32.4985981170074,35.9954911629914,2,1,-2,0,0.2,5,"Rare bycatch species",50,10,1.13,26,1.8,-4.9,0.55,0.65,0.42
39,"Trip bias","sets",0.0107653375553959,2637.752,0.010743890336573,141.691,141.87098224954,141.691,89,204.05,141.87098224954,74.9391441195782,222.485837044623,-0.179982249539615,-48.7842308226139,45.2542634257428,2.1447218822887e-05,0.0973275597317012,-0.00341306863052657,0.00388976747570236,-32.9941287507527,35.1183852974261,3,1,0,-2,0.2,5,"Rare bycatch species",50,10,1.13,26,1.8,-4.9,0.55,0.65,0.42
39,"Trip bias","trips",0.010774790644044,2635.022,0.010743890336573,141.691,142.116094846513,141.691,89,204.05,142.116094846513,74.9743533479233,220.597622900145,-0.42509484651276,-50.7634117255607,44.5054652243569,3.09003074710266e-05,0.211947921465528,-0.0033993330159717,0.00385639744075451,-31.377848668733,34.770174908263,3,1,0,-2,0.2,5,"Rare bycatch species",50,10,1.13,26,1.8,-4.9,0.55,0.65,0.42
39,"Trip bias","vessels",0.0107818726887986,2636.577,0.010743890336573,141.691,142.240093639284,141.691,89,204.05,142.240093639284,70.1407211341605,224.934524658501,-0.549093639283586,-52.0128052035433,48.82127181255,3.79823522256091e-05,0.226113291512332,-0.00374116441068359,0.00391155469763509,-34.9643473573284,38.744187918609,3,1,0,-2,0.2,5,"Rare bycatch species",50,10,1.13,26,1.8,-4.9,0.55,0.65,0.42
40,"Baseline 20%","sets",0.0105623293098855,524.53,0.0107292063974517,141.052,138.837689740495,141.052,91,209.025,138.837689740495,25.6155161532957,290.177703997809,2.21431025950533,-119.507970103555,113.003474576271,-0.000166877087566201,-1.6889077569094,-0.0082235867237423,0.00959059633489047,-76.9854556510357,92.6172157046725,4,0.2,0,0,0.2,5,"Rare bycatch species",50,10,1.13,26,1.8,-4.9,0.55,0.65,0.42
40,"Baseline 20%","trips",0.0107854976044585,526.126,0.0107292063974517,141.052,142.089695223946,141.052,91,209.025,142.089695223946,26.0687979450117,295.023278491049,-1.03769522394608,-137.698997595644,100.985325850649,5.62912070068574e-05,0.394026773815476,-0.00790632448175463,0.010484254369532,-78.05262347977,94.1158033404748,4,0.2,0,0,0.2,5,"Rare bycatch species",50,10,1.13,26,1.8,-4.9,0.55,0.65,0.42
40,"Baseline 20%","vessels",0.0105187897393876,525.979,0.0107292063974517,141.052,138.695986247324,141.052,91,209.025,138.695986247324,0,336.39210964245,2.35601375267596,-173.670360305867,133,-0.000210416658064025,-1.94077779466328,-0.0103848741553161,0.0135388716580027,-100,120.846616602067,4,0.2,0,0,0.2,5,"Rare bycatch species",50,10,1.13,26,1.8,-4.9,0.55,0.65,0.42
41,"Vessel bias 20%","sets",0.0104570382561178,519.603,0.0107322829718638,139.309,136.027940944432,139.309,89,204.05,136.027940944432,24.7310116959064,287.302658187291,3.28105905556771,-125.086803816338,106.784663717016,-0.000275244715745936,-2.44715512731884,-0.0083532412720147,0.0093660388467666,-79.8757058786363,89.2834232768385,5,0.2,-2,0,0.2,5,"Rare bycatch species",50,10,1.13,26,1.8,-4.9,0.55,0.65,0.42
41,"Vessel bias 20%","trips",0.0104860966506843,516.919,0.0107322829718638,139.309,135.807696091642,139.309,89,204.05,135.807696091642,25.6888074113733,286.830215126893,3.50130390835751,-142.893517822295,114.698837163264,-0.000246186321179482,-2.14418028099738,-0.00879787825565456,0.0111225364704325,-79.7804643832354,105.397235118041,5,0.2,-2,0,0.2,5,"Rare bycatch species",50,10,1.13,26,1.8,-4.9,0.55,0.65,0.42
41,"Vessel bias 20%","vessels",0.00702879020252061,628.882,0.0107322829718638,139.309,91.1297903848403,139.309,89,204.05,91.1297903848403,0,207.313541918429,48.1792096151597,-61.0849056691621,152.388001610305,-0.00370349276934317,-33.9387715668945,-0.0111137008972897,0.00467377588848968,-100,44.4262755850222,5,0.2,-2,0,0.2,5,"Rare bycatch species",50,10,1.13,26,1.8,-4.9,0.55,0.65,0.42
42,"Trip bias 20%","sets",0.0104904630973789,524.299,0.0107763340318601,141.473,138.243218450946,141.473,94,202,138.243218450946,25.2180031117549,289.69539705803,3.22978154905363,-126.837710715548,107.697245940324,-0.000285870934481173,-2.79629167092303,-0.00827577111499947,0.00944858191127705,-77.3716472141478,84.9455776297931,6,0.2,0,-2,0.2,5,"Rare bycatch species",50,10,1.13,26,1.8,-4.9,0.55,0.65,0.42
42,"Trip bias 20%","trips",0.00630597823804766,677.39,0.0107763340318601,141.473,82.9856627177019,141.473,94,202,82.9856627177019,0,185.645275652607,58.4873372822981,-31.2488435390835,134.283384504081,-0.00447035579381246,-41.167437423418,-0.010655982189631,0.00250367166332345,-100,24.5027097707581,6,0.2,0,-2,0.2,5,"Rare bycatch species",50,10,1.13,26,1.8,-4.9,0.55,0.65,0.42
42,"Trip bias 20%","vessels",0.0108773212647028,528.085,0.0107763340318601,141.473,142.77216155561,141.473,94,202,142.77216155561,0,322.674599889261,-1.29916155561018,-172.564298780488,127.907815436241,0.000100987232842722,0.936158822864464,-0.0101499301525897,0.0136117462874236,-100,121.867456043256,6,0.2,0,-2,0.2,5,"Rare bycatch species",50,10,1.13,26,1.8,-4.9,0.55,0.65,0.42
43,"Baseline 75%","sets",0.0107467050332992,1961.088,0.0107524762291634,140.459,140.490266029084,140.459,90,210,140.490266029084,66.8806791104293,231.329661328939,-0.0312660290838807,-54.4053554640839,56.0329120284689,-5.77119586426458e-06,-0.0623575178428011,-0.00418082245709992,0.00424969574702609,-41.5310276602339,41.126253883924,7,0.2,0,0,0.75,5,"Rare bycatch species",50,10,1.13,26,1.8,-4.9,0.55,0.65,0.42
43,"Baseline 75%","trips",0.0106821691885678,1967.572,0.0107524762291634,140.459,139.668952051742,140.459,90,210,139.668952051742,61.1388830772042,235.487344529496,0.790047948257998,-70.6157401343355,60.9062546023564,-7.03070405956573e-05,-0.73420569382566,-0.00476679567032237,0.0056455450922826,-46.2039044079361,48.26988857099,7,0.2,0,0,0.75,5,"Rare bycatch species",50,10,1.13,26,1.8,-4.9,0.55,0.65,0.42
43,"Baseline 75%","vessels",0.0106629367111613,1996.208,0.0107524762291634,140.459,139.367801861255,140.459,90,210,139.367801861255,47.059361187107,273.498417518913,1.09119813874538,-108.464304878881,86.8961309251791,-8.95395180021185e-05,-0.683978171179853,-0.00677691487314181,0.00844075102781724,-58.9845147750682,80.3339432622492,7,0.2,0,0,0.75,5,"Rare bycatch species",50,10,1.13,26,1.8,-4.9,0.55,0.65,0.42
44,"Vessel bias 75%","sets",0.0105574951471324,1966.43,0.0106880932106816,140.121,138.450599190142,140.121,90.9999999999999,212.999999999999,138.450599190142,65.6427146592443,234.637743724229,1.67040080985847,-57.6436787914419,56.1774184526724,-0.000130598063549173,-1.2297278020534,-0.00443497892780714,0.00460522692165001,-42.3224836774627,43.8500008968086,8,0.2,-2,0,0.75,5,"Rare bycatch species",50,10,1.13,26,1.8,-4.9,0.55,0.65,0.42
44,"Vessel bias 75%","trips",0.01073525078488,1964.809,0.0106880932106816,140.121,140.854935333443,140.121,90.9999999999999,212.999999999999,140.854935333443,65.438440769243,237.097897896463,-0.733935333442983,-65.9863544203819,61.9059991998024,4.7157574198427e-05,0.562679582911453,-0.00497731079667725,0.00514954060882395,-43.7176517162365,49.9192631905298,8,0.2,-2,0,0.75,5,"Rare bycatch species",50,10,1.13,26,1.8,-4.9,0.55,0.65,0.42
44,"Vessel bias 75%","vessels",0.00708979292858538,2406.585,0.0106880932106816,140.121,93.0057778782442,140.121,90.9999999999999,212.999999999999,93.0057778782442,33.5550321014436,174.515245411723,47.1152221217558,-22.0638175876411,121.19218314192,-0.00359830028209623,-33.0932002671412,-0.00900546494180181,0.00171639174240623,-74.071257353516,16.6799862215844,8,0.2,-2,0,0.75,5,"Rare bycatch species",50,10,1.13,26,1.8,-4.9,0.55,0.65,0.42
45,"Trip bias 75%","sets",0.0107370625750357,1980.547,0.0106870243627094,141.132,141.92393146643,141.132,90.975,203,141.92393146643,72.1947342398607,239.416009257624,-0.791931466429937,-61.8917397644395,51.7980795891662,5.00382123262886e-05,0.470937724734199,-0.00409861330409859,0.00470583374183724,-38.3891942180587,42.3222390409218,9,0.2,0,-2,0.75,5,"Rare bycatch species",50,10,1.13,26,1.8,-4.9,0.55,0.65,0.42
45,"Trip bias 75%","trips",0.00615751037185662,2555.782,0.0106870243627094,141.132,81.4319923089717,141.132,90.975,203,81.4319923089717,36.7147196121646,144.005090831326,59.7000076910283,14.4485805814585,108.521571087302,-0.00452951399085283,-42.2525139149499,-0.008154971647799,-0.00104122648080433,-69.660333040186,-11.2469069710804,9,0.2,0,-2,0.75,5,"Rare bycatch species",50,10,1.13,26,1.8,-4.9,0.55,0.65,0.42
45,"Trip bias 75%","vessels",0.0107393528311789,1958.284,0.0106870243627094,141.132,141.353552792795,141.132,90.975,203,141.353552792795,54.2732963670078,266.023964043138,-0.221552792795222,-110.813795076075,96.4069551085786,5.23284684694418e-05,0.823198524493723,-0.00672926754305233,0.00864528427771144,-58.4327833555787,79.5764895646237,9,0.2,0,-2,0.75,5,"Rare bycatch species",50,10,1.13,26,1.8,-4.9,0.55,0.65,0.42
